<turingmachine>
  <alphabet>0123b</alphabet>
  <initialtape>1010101</initialtape>
  <blank char="b"/>
  <initialstate name="0" />
  <finalstates>
    <finalstate name="halt" />
  </finalstates>
  <states>
    <state name="0">
      <transition seensym="0" writesym="0" newstate="0" move="R"/>
      <transition seensym="1" writesym="1" newstate="1" move="R" />
      <transition seensym="b" writesym="b" newstate="2" move="L" />
    </state>
    <state name="1">
      <transition seensym="1" writesym="0" newstate="1" move="R"/>
      <transition seensym="0" writesym="1" newstate="2" move="N" />
      <transition seensym="b" writesym="b" newstate="2" move="L" />
    </state>
    <state name="2">
      <transition seensym="0" writesym="2" newstate="2" move="L" />
      <transition seensym="1" writesym="3" newstate="2" move="L" />
      <transition seensym="b" writesym="b" newstate="halt" move="R" />
    </state>
    <state name="halt">
    </state>
  </states>
</turingmachine>
